profile,from_id,to_id,from_place,to_place,from_lat,from_lon,to_lat,to_lon,minutes,km,traffic,measured_on,source,licence
car,milano-duomo,orta-san-giulio,"Milano, Piazza del Duomo","Lago d'Orta: Orta San Giulio, Piazza Motta",45.4639102,9.1906398,45.7980134,8.4058762,75,87.1,none,2026-10-06,OSRM router.project-osrm.org,ODbL (OpenStreetMap)
car,milano-duomo,legro,"Milano, Piazza del Duomo",Legro (Orta San Giulio),45.4639102,9.1906398,45.7955642,8.4216604,73,86.5,none,2026-10-06,OSRM router.project-osrm.org,ODbL (OpenStreetMap)
car,milano-duomo,pettenasco,"Milano, Piazza del Duomo",Pettenasco,45.4639102,9.1906398,45.8171622,8.4087011,75,88.6,none,2026-10-06,OSRM router.project-osrm.org,ODbL (OpenStreetMap)
car,milano-duomo,pella,"Milano, Piazza del Duomo",Pella,45.4639102,9.1906398,45.8016249,8.3847792,77,87.9,none,2026-10-06,OSRM router.project-osrm.org,ODbL (OpenStreetMap)
car,milano-duomo,ronco,"Milano, Piazza del Duomo",Ronco (Pella),45.4639102,9.1906398,45.8271148,8.3818783,82,90.8,none,2026-10-06,OSRM router.project-osrm.org,ODbL (OpenStreetMap)
car,milano-duomo,san-maurizio-dopaglio,"Milano, Piazza del Duomo",San Maurizio d'Opaglio,45.4639102,9.1906398,45.7734531,8.3903949,72,84.3,none,2026-10-06,OSRM router.project-osrm.org,ODbL (OpenStreetMap)
car,milano-duomo,madonna-del-sasso,"Milano, Piazza del Duomo","Madonna del Sasso (Boleto, municipio)",45.4639102,9.1906398,45.7924094,8.3683708,81,90.8,none,2026-10-06,OSRM router.project-osrm.org,ODbL (OpenStreetMap)
car,milano-duomo,ameno,"Milano, Piazza del Duomo",Ameno,45.4639102,9.1906398,45.7886563,8.4413106,74,85.3,none,2026-10-06,OSRM router.project-osrm.org,ODbL (OpenStreetMap)
car,milano-duomo,vacciago,"Milano, Piazza del Duomo",Vacciago (Ameno),45.4639102,9.1906398,45.7864497,8.429395,72,84.4,none,2026-10-06,OSRM router.project-osrm.org,ODbL (OpenStreetMap)
car,milano-duomo,miasino,"Milano, Piazza del Duomo",Miasino,45.4639102,9.1906398,45.801972,8.429724,75,86.6,none,2026-10-06,OSRM router.project-osrm.org,ODbL (OpenStreetMap)
car,milano-duomo,armeno,"Milano, Piazza del Duomo",Armeno,45.4639102,9.1906398,45.8224566,8.4391986,77,90.4,none,2026-10-06,OSRM router.project-osrm.org,ODbL (OpenStreetMap)
car,milano-duomo,omegna,"Milano, Piazza del Duomo",Omegna,45.4639102,9.1906398,45.879774,8.408022,82,105.9,none,2026-10-06,OSRM router.project-osrm.org,ODbL (OpenStreetMap)
car,milano-duomo,nonio,"Milano, Piazza del Duomo",Nonio,45.4639102,9.1906398,45.845773,8.377522,83,94.3,none,2026-10-06,OSRM router.project-osrm.org,ODbL (OpenStreetMap)
car,milano-duomo,quarna-sopra,"Milano, Piazza del Duomo",Quarna Sopra,45.4639102,9.1906398,45.8721773,8.3736717,96,114.6,none,2026-10-06,OSRM router.project-osrm.org,ODbL (OpenStreetMap)
car,milano-duomo,gozzano,"Milano, Piazza del Duomo",Gozzano,45.4639102,9.1906398,45.7464568,8.4360668,67,79.0,none,2026-10-06,OSRM router.project-osrm.org,ODbL (OpenStreetMap)
car,milano-duomo,bolzano-novarese,"Milano, Piazza del Duomo",Bolzano Novarese,45.4639102,9.1906398,45.7627855,8.4451747,69,82.1,none,2026-10-06,OSRM router.project-osrm.org,ODbL (OpenStreetMap)
car,malpensa-t1,orta-san-giulio,"Aeroporto di Malpensa, Terminal 1","Lago d'Orta: Orta San Giulio, Piazza Motta",45.6271525,8.7112533,45.7980134,8.4058762,54,47.1,none,2026-10-06,OSRM router.project-osrm.org,ODbL (OpenStreetMap)
car,malpensa-t1,legro,"Aeroporto di Malpensa, Terminal 1",Legro (Orta San Giulio),45.6271525,8.7112533,45.7955642,8.4216604,53,46.5,none,2026-10-06,OSRM router.project-osrm.org,ODbL (OpenStreetMap)
car,malpensa-t1,pettenasco,"Aeroporto di Malpensa, Terminal 1",Pettenasco,45.6271525,8.7112533,45.8171622,8.4087011,54,48.6,none,2026-10-06,OSRM router.project-osrm.org,ODbL (OpenStreetMap)
car,malpensa-t1,pella,"Aeroporto di Malpensa, Terminal 1",Pella,45.6271525,8.7112533,45.8016249,8.3847792,57,47.9,none,2026-10-06,OSRM router.project-osrm.org,ODbL (OpenStreetMap)
car,malpensa-t1,ronco,"Aeroporto di Malpensa, Terminal 1",Ronco (Pella),45.6271525,8.7112533,45.8271148,8.3818783,61,50.7,none,2026-10-06,OSRM router.project-osrm.org,ODbL (OpenStreetMap)
car,malpensa-t1,san-maurizio-dopaglio,"Aeroporto di Malpensa, Terminal 1",San Maurizio d'Opaglio,45.6271525,8.7112533,45.7734531,8.3903949,51,44.3,none,2026-10-06,OSRM router.project-osrm.org,ODbL (OpenStreetMap)
car,malpensa-t1,madonna-del-sasso,"Aeroporto di Malpensa, Terminal 1","Madonna del Sasso (Boleto, municipio)",45.6271525,8.7112533,45.7924094,8.3683708,61,50.8,none,2026-10-06,OSRM router.project-osrm.org,ODbL (OpenStreetMap)
car,malpensa-t1,ameno,"Aeroporto di Malpensa, Terminal 1",Ameno,45.6271525,8.7112533,45.7886563,8.4413106,54,45.2,none,2026-10-06,OSRM router.project-osrm.org,ODbL (OpenStreetMap)
car,malpensa-t1,vacciago,"Aeroporto di Malpensa, Terminal 1",Vacciago (Ameno),45.6271525,8.7112533,45.7864497,8.429395,51,44.4,none,2026-10-06,OSRM router.project-osrm.org,ODbL (OpenStreetMap)
car,malpensa-t1,miasino,"Aeroporto di Malpensa, Terminal 1",Miasino,45.6271525,8.7112533,45.801972,8.429724,54,46.6,none,2026-10-06,OSRM router.project-osrm.org,ODbL (OpenStreetMap)
car,malpensa-t1,armeno,"Aeroporto di Malpensa, Terminal 1",Armeno,45.6271525,8.7112533,45.8224566,8.4391986,57,50.4,none,2026-10-06,OSRM router.project-osrm.org,ODbL (OpenStreetMap)
car,malpensa-t1,omegna,"Aeroporto di Malpensa, Terminal 1",Omegna,45.6271525,8.7112533,45.879774,8.408022,62,65.8,none,2026-10-06,OSRM router.project-osrm.org,ODbL (OpenStreetMap)
car,malpensa-t1,nonio,"Aeroporto di Malpensa, Terminal 1",Nonio,45.6271525,8.7112533,45.845773,8.377522,62,54.2,none,2026-10-06,OSRM router.project-osrm.org,ODbL (OpenStreetMap)
car,malpensa-t1,quarna-sopra,"Aeroporto di Malpensa, Terminal 1",Quarna Sopra,45.6271525,8.7112533,45.8721773,8.3736717,75,74.6,none,2026-10-06,OSRM router.project-osrm.org,ODbL (OpenStreetMap)
car,malpensa-t1,gozzano,"Aeroporto di Malpensa, Terminal 1",Gozzano,45.6271525,8.7112533,45.7464568,8.4360668,46,38.9,none,2026-10-06,OSRM router.project-osrm.org,ODbL (OpenStreetMap)
car,malpensa-t1,bolzano-novarese,"Aeroporto di Malpensa, Terminal 1",Bolzano Novarese,45.6271525,8.7112533,45.7627855,8.4451747,48,42.0,none,2026-10-06,OSRM router.project-osrm.org,ODbL (OpenStreetMap)
car,linate,orta-san-giulio,Aeroporto di Linate,"Lago d'Orta: Orta San Giulio, Piazza Motta",45.444205,9.2778329,45.7980134,8.4058762,83,92.1,none,2026-10-06,OSRM router.project-osrm.org,ODbL (OpenStreetMap)
car,linate,legro,Aeroporto di Linate,Legro (Orta San Giulio),45.444205,9.2778329,45.7955642,8.4216604,81,91.5,none,2026-10-06,OSRM router.project-osrm.org,ODbL (OpenStreetMap)
car,linate,pettenasco,Aeroporto di Linate,Pettenasco,45.444205,9.2778329,45.8171622,8.4087011,83,93.6,none,2026-10-06,OSRM router.project-osrm.org,ODbL (OpenStreetMap)
car,linate,pella,Aeroporto di Linate,Pella,45.444205,9.2778329,45.8016249,8.3847792,86,92.9,none,2026-10-06,OSRM router.project-osrm.org,ODbL (OpenStreetMap)
car,linate,ronco,Aeroporto di Linate,Ronco (Pella),45.444205,9.2778329,45.8271148,8.3818783,90,95.8,none,2026-10-06,OSRM router.project-osrm.org,ODbL (OpenStreetMap)
car,linate,san-maurizio-dopaglio,Aeroporto di Linate,San Maurizio d'Opaglio,45.444205,9.2778329,45.7734531,8.3903949,80,89.3,none,2026-10-06,OSRM router.project-osrm.org,ODbL (OpenStreetMap)
car,linate,madonna-del-sasso,Aeroporto di Linate,"Madonna del Sasso (Boleto, municipio)",45.444205,9.2778329,45.7924094,8.3683708,89,95.8,none,2026-10-06,OSRM router.project-osrm.org,ODbL (OpenStreetMap)
car,linate,ameno,Aeroporto di Linate,Ameno,45.444205,9.2778329,45.7886563,8.4413106,82,90.3,none,2026-10-06,OSRM router.project-osrm.org,ODbL (OpenStreetMap)
car,linate,vacciago,Aeroporto di Linate,Vacciago (Ameno),45.444205,9.2778329,45.7864497,8.429395,80,89.4,none,2026-10-06,OSRM router.project-osrm.org,ODbL (OpenStreetMap)
car,linate,miasino,Aeroporto di Linate,Miasino,45.444205,9.2778329,45.801972,8.429724,83,91.6,none,2026-10-06,OSRM router.project-osrm.org,ODbL (OpenStreetMap)
car,linate,armeno,Aeroporto di Linate,Armeno,45.444205,9.2778329,45.8224566,8.4391986,86,95.4,none,2026-10-06,OSRM router.project-osrm.org,ODbL (OpenStreetMap)
car,linate,omegna,Aeroporto di Linate,Omegna,45.444205,9.2778329,45.879774,8.408022,91,110.9,none,2026-10-06,OSRM router.project-osrm.org,ODbL (OpenStreetMap)
car,linate,nonio,Aeroporto di Linate,Nonio,45.444205,9.2778329,45.845773,8.377522,91,99.3,none,2026-10-06,OSRM router.project-osrm.org,ODbL (OpenStreetMap)
car,linate,quarna-sopra,Aeroporto di Linate,Quarna Sopra,45.444205,9.2778329,45.8721773,8.3736717,104,119.6,none,2026-10-06,OSRM router.project-osrm.org,ODbL (OpenStreetMap)
car,linate,gozzano,Aeroporto di Linate,Gozzano,45.444205,9.2778329,45.7464568,8.4360668,75,84.0,none,2026-10-06,OSRM router.project-osrm.org,ODbL (OpenStreetMap)
car,linate,bolzano-novarese,Aeroporto di Linate,Bolzano Novarese,45.444205,9.2778329,45.7627855,8.4451747,77,87.1,none,2026-10-06,OSRM router.project-osrm.org,ODbL (OpenStreetMap)
car,novara,orta-san-giulio,"Novara, Piazza Martiri della Libertà","Lago d'Orta: Orta San Giulio, Piazza Motta",45.4454957,8.6177433,45.7980134,8.4058762,50,48.3,none,2026-10-06,OSRM router.project-osrm.org,ODbL (OpenStreetMap)
car,novara,legro,"Novara, Piazza Martiri della Libertà",Legro (Orta San Giulio),45.4454957,8.6177433,45.7955642,8.4216604,49,47.7,none,2026-10-06,OSRM router.project-osrm.org,ODbL (OpenStreetMap)
car,novara,pettenasco,"Novara, Piazza Martiri della Libertà",Pettenasco,45.4454957,8.6177433,45.8171622,8.4087011,50,49.8,none,2026-10-06,OSRM router.project-osrm.org,ODbL (OpenStreetMap)
car,novara,pella,"Novara, Piazza Martiri della Libertà",Pella,45.4454957,8.6177433,45.8016249,8.3847792,53,49.1,none,2026-10-06,OSRM router.project-osrm.org,ODbL (OpenStreetMap)
car,novara,ronco,"Novara, Piazza Martiri della Libertà",Ronco (Pella),45.4454957,8.6177433,45.8271148,8.3818783,57,51.9,none,2026-10-06,OSRM router.project-osrm.org,ODbL (OpenStreetMap)
car,novara,san-maurizio-dopaglio,"Novara, Piazza Martiri della Libertà",San Maurizio d'Opaglio,45.4454957,8.6177433,45.7734531,8.3903949,47,45.5,none,2026-10-06,OSRM router.project-osrm.org,ODbL (OpenStreetMap)
car,novara,madonna-del-sasso,"Novara, Piazza Martiri della Libertà","Madonna del Sasso (Boleto, municipio)",45.4454957,8.6177433,45.7924094,8.3683708,57,52.0,none,2026-10-06,OSRM router.project-osrm.org,ODbL (OpenStreetMap)
car,novara,ameno,"Novara, Piazza Martiri della Libertà",Ameno,45.4454957,8.6177433,45.7886563,8.4413106,50,46.5,none,2026-10-06,OSRM router.project-osrm.org,ODbL (OpenStreetMap)
car,novara,vacciago,"Novara, Piazza Martiri della Libertà",Vacciago (Ameno),45.4454957,8.6177433,45.7864497,8.429395,47,45.6,none,2026-10-06,OSRM router.project-osrm.org,ODbL (OpenStreetMap)
car,novara,miasino,"Novara, Piazza Martiri della Libertà",Miasino,45.4454957,8.6177433,45.801972,8.429724,50,47.8,none,2026-10-06,OSRM router.project-osrm.org,ODbL (OpenStreetMap)
car,novara,armeno,"Novara, Piazza Martiri della Libertà",Armeno,45.4454957,8.6177433,45.8224566,8.4391986,53,51.6,none,2026-10-06,OSRM router.project-osrm.org,ODbL (OpenStreetMap)
car,novara,omegna,"Novara, Piazza Martiri della Libertà",Omegna,45.4454957,8.6177433,45.879774,8.408022,63,58.3,none,2026-10-06,OSRM router.project-osrm.org,ODbL (OpenStreetMap)
car,novara,nonio,"Novara, Piazza Martiri della Libertà",Nonio,45.4454957,8.6177433,45.845773,8.377522,58,55.5,none,2026-10-06,OSRM router.project-osrm.org,ODbL (OpenStreetMap)
car,novara,quarna-sopra,"Novara, Piazza Martiri della Libertà",Quarna Sopra,45.4454957,8.6177433,45.8721773,8.3736717,75,66.5,none,2026-10-06,OSRM router.project-osrm.org,ODbL (OpenStreetMap)
car,novara,gozzano,"Novara, Piazza Martiri della Libertà",Gozzano,45.4454957,8.6177433,45.7464568,8.4360668,42,40.2,none,2026-10-06,OSRM router.project-osrm.org,ODbL (OpenStreetMap)
car,novara,bolzano-novarese,"Novara, Piazza Martiri della Libertà",Bolzano Novarese,45.4454957,8.6177433,45.7627855,8.4451747,44,43.3,none,2026-10-06,OSRM router.project-osrm.org,ODbL (OpenStreetMap)
car,torino,orta-san-giulio,"Torino, Piazza Castello","Lago d'Orta: Orta San Giulio, Piazza Motta",45.0703434,7.6859574,45.7980134,8.4058762,97,126.9,none,2026-10-06,OSRM router.project-osrm.org,ODbL (OpenStreetMap)
car,torino,legro,"Torino, Piazza Castello",Legro (Orta San Giulio),45.0703434,7.6859574,45.7955642,8.4216604,95,126.3,none,2026-10-06,OSRM router.project-osrm.org,ODbL (OpenStreetMap)
car,torino,pettenasco,"Torino, Piazza Castello",Pettenasco,45.0703434,7.6859574,45.8171622,8.4087011,96,128.4,none,2026-10-06,OSRM router.project-osrm.org,ODbL (OpenStreetMap)
car,torino,pella,"Torino, Piazza Castello",Pella,45.0703434,7.6859574,45.8016249,8.3847792,99,127.7,none,2026-10-06,OSRM router.project-osrm.org,ODbL (OpenStreetMap)
car,torino,ronco,"Torino, Piazza Castello",Ronco (Pella),45.0703434,7.6859574,45.8271148,8.3818783,103,130.6,none,2026-10-06,OSRM router.project-osrm.org,ODbL (OpenStreetMap)
car,torino,san-maurizio-dopaglio,"Torino, Piazza Castello",San Maurizio d'Opaglio,45.0703434,7.6859574,45.7734531,8.3903949,94,124.1,none,2026-10-06,OSRM router.project-osrm.org,ODbL (OpenStreetMap)
car,torino,madonna-del-sasso,"Torino, Piazza Castello","Madonna del Sasso (Boleto, municipio)",45.0703434,7.6859574,45.7924094,8.3683708,103,130.6,none,2026-10-06,OSRM router.project-osrm.org,ODbL (OpenStreetMap)
car,torino,ameno,"Torino, Piazza Castello",Ameno,45.0703434,7.6859574,45.7886563,8.4413106,96,125.1,none,2026-10-06,OSRM router.project-osrm.org,ODbL (OpenStreetMap)
car,torino,vacciago,"Torino, Piazza Castello",Vacciago (Ameno),45.0703434,7.6859574,45.7864497,8.429395,94,124.2,none,2026-10-06,OSRM router.project-osrm.org,ODbL (OpenStreetMap)
car,torino,miasino,"Torino, Piazza Castello",Miasino,45.0703434,7.6859574,45.801972,8.429724,97,126.4,none,2026-10-06,OSRM router.project-osrm.org,ODbL (OpenStreetMap)
car,torino,armeno,"Torino, Piazza Castello",Armeno,45.0703434,7.6859574,45.8224566,8.4391986,99,130.2,none,2026-10-06,OSRM router.project-osrm.org,ODbL (OpenStreetMap)
car,torino,omegna,"Torino, Piazza Castello",Omegna,45.0703434,7.6859574,45.879774,8.408022,108,153.6,none,2026-10-06,OSRM router.project-osrm.org,ODbL (OpenStreetMap)
car,torino,nonio,"Torino, Piazza Castello",Nonio,45.0703434,7.6859574,45.845773,8.377522,104,134.1,none,2026-10-06,OSRM router.project-osrm.org,ODbL (OpenStreetMap)
car,torino,quarna-sopra,"Torino, Piazza Castello",Quarna Sopra,45.0703434,7.6859574,45.8721773,8.3736717,121,145.1,none,2026-10-06,OSRM router.project-osrm.org,ODbL (OpenStreetMap)
car,torino,gozzano,"Torino, Piazza Castello",Gozzano,45.0703434,7.6859574,45.7464568,8.4360668,88,118.8,none,2026-10-06,OSRM router.project-osrm.org,ODbL (OpenStreetMap)
car,torino,bolzano-novarese,"Torino, Piazza Castello",Bolzano Novarese,45.0703434,7.6859574,45.7627855,8.4451747,91,121.9,none,2026-10-06,OSRM router.project-osrm.org,ODbL (OpenStreetMap)
car,lugano,orta-san-giulio,"Lugano, Piazza della Riforma","Lago d'Orta: Orta San Giulio, Piazza Motta",46.0036289,8.9516442,45.7980134,8.4058762,82,95.5,none,2026-10-06,OSRM router.project-osrm.org,ODbL (OpenStreetMap)
car,lugano,legro,"Lugano, Piazza della Riforma",Legro (Orta San Giulio),46.0036289,8.9516442,45.7955642,8.4216604,80,95.0,none,2026-10-06,OSRM router.project-osrm.org,ODbL (OpenStreetMap)
car,lugano,pettenasco,"Lugano, Piazza della Riforma",Pettenasco,46.0036289,8.9516442,45.8171622,8.4087011,82,97.0,none,2026-10-06,OSRM router.project-osrm.org,ODbL (OpenStreetMap)
car,lugano,pella,"Lugano, Piazza della Riforma",Pella,46.0036289,8.9516442,45.8016249,8.3847792,85,96.4,none,2026-10-06,OSRM router.project-osrm.org,ODbL (OpenStreetMap)
car,lugano,ronco,"Lugano, Piazza della Riforma",Ronco (Pella),46.0036289,8.9516442,45.8271148,8.3818783,89,99.2,none,2026-10-06,OSRM router.project-osrm.org,ODbL (OpenStreetMap)
car,lugano,san-maurizio-dopaglio,"Lugano, Piazza della Riforma",San Maurizio d'Opaglio,46.0036289,8.9516442,45.7734531,8.3903949,79,92.8,none,2026-10-06,OSRM router.project-osrm.org,ODbL (OpenStreetMap)
car,lugano,madonna-del-sasso,"Lugano, Piazza della Riforma","Madonna del Sasso (Boleto, municipio)",46.0036289,8.9516442,45.7924094,8.3683708,88,99.2,none,2026-10-06,OSRM router.project-osrm.org,ODbL (OpenStreetMap)
car,lugano,ameno,"Lugano, Piazza della Riforma",Ameno,46.0036289,8.9516442,45.7886563,8.4413106,81,93.7,none,2026-10-06,OSRM router.project-osrm.org,ODbL (OpenStreetMap)
car,lugano,vacciago,"Lugano, Piazza della Riforma",Vacciago (Ameno),46.0036289,8.9516442,45.7864497,8.429395,79,92.9,none,2026-10-06,OSRM router.project-osrm.org,ODbL (OpenStreetMap)
car,lugano,miasino,"Lugano, Piazza della Riforma",Miasino,46.0036289,8.9516442,45.801972,8.429724,82,95.0,none,2026-10-06,OSRM router.project-osrm.org,ODbL (OpenStreetMap)
car,lugano,armeno,"Lugano, Piazza della Riforma",Armeno,46.0036289,8.9516442,45.8224566,8.4391986,85,98.9,none,2026-10-06,OSRM router.project-osrm.org,ODbL (OpenStreetMap)
car,lugano,omegna,"Lugano, Piazza della Riforma",Omegna,46.0036289,8.9516442,45.879774,8.408022,89,114.3,none,2026-10-06,OSRM router.project-osrm.org,ODbL (OpenStreetMap)
car,lugano,nonio,"Lugano, Piazza della Riforma",Nonio,46.0036289,8.9516442,45.845773,8.377522,90,102.7,none,2026-10-06,OSRM router.project-osrm.org,ODbL (OpenStreetMap)
car,lugano,quarna-sopra,"Lugano, Piazza della Riforma",Quarna Sopra,46.0036289,8.9516442,45.8721773,8.3736717,103,123.0,none,2026-10-06,OSRM router.project-osrm.org,ODbL (OpenStreetMap)
car,lugano,gozzano,"Lugano, Piazza della Riforma",Gozzano,46.0036289,8.9516442,45.7464568,8.4360668,74,87.4,none,2026-10-06,OSRM router.project-osrm.org,ODbL (OpenStreetMap)
car,lugano,bolzano-novarese,"Lugano, Piazza della Riforma",Bolzano Novarese,46.0036289,8.9516442,45.7627855,8.4451747,76,90.5,none,2026-10-06,OSRM router.project-osrm.org,ODbL (OpenStreetMap)
car,zuerich,orta-san-giulio,Zürich Hauptbahnhof,"Lago d'Orta: Orta San Giulio, Piazza Motta",47.3781008,8.5393635,45.7980134,8.4058762,232,298.9,none,2026-10-06,OSRM router.project-osrm.org,ODbL (OpenStreetMap)
car,zuerich,legro,Zürich Hauptbahnhof,Legro (Orta San Giulio),47.3781008,8.5393635,45.7955642,8.4216604,230,298.3,none,2026-10-06,OSRM router.project-osrm.org,ODbL (OpenStreetMap)
car,zuerich,pettenasco,Zürich Hauptbahnhof,Pettenasco,47.3781008,8.5393635,45.8171622,8.4087011,232,300.4,none,2026-10-06,OSRM router.project-osrm.org,ODbL (OpenStreetMap)
car,zuerich,pella,Zürich Hauptbahnhof,Pella,47.3781008,8.5393635,45.8016249,8.3847792,234,299.7,none,2026-10-06,OSRM router.project-osrm.org,ODbL (OpenStreetMap)
car,zuerich,ronco,Zürich Hauptbahnhof,Ronco (Pella),47.3781008,8.5393635,45.8271148,8.3818783,238,302.5,none,2026-10-06,OSRM router.project-osrm.org,ODbL (OpenStreetMap)
car,zuerich,san-maurizio-dopaglio,Zürich Hauptbahnhof,San Maurizio d'Opaglio,47.3781008,8.5393635,45.7734531,8.3903949,229,296.1,none,2026-10-06,OSRM router.project-osrm.org,ODbL (OpenStreetMap)
car,zuerich,madonna-del-sasso,Zürich Hauptbahnhof,"Madonna del Sasso (Boleto, municipio)",47.3781008,8.5393635,45.7924094,8.3683708,238,302.6,none,2026-10-06,OSRM router.project-osrm.org,ODbL (OpenStreetMap)
car,zuerich,ameno,Zürich Hauptbahnhof,Ameno,47.3781008,8.5393635,45.7886563,8.4413106,231,297.0,none,2026-10-06,OSRM router.project-osrm.org,ODbL (OpenStreetMap)
car,zuerich,vacciago,Zürich Hauptbahnhof,Vacciago (Ameno),47.3781008,8.5393635,45.7864497,8.429395,229,296.2,none,2026-10-06,OSRM router.project-osrm.org,ODbL (OpenStreetMap)
car,zuerich,miasino,Zürich Hauptbahnhof,Miasino,47.3781008,8.5393635,45.801972,8.429724,232,298.4,none,2026-10-06,OSRM router.project-osrm.org,ODbL (OpenStreetMap)
car,zuerich,armeno,Zürich Hauptbahnhof,Armeno,47.3781008,8.5393635,45.8224566,8.4391986,234,302.2,none,2026-10-06,OSRM router.project-osrm.org,ODbL (OpenStreetMap)
car,zuerich,omegna,Zürich Hauptbahnhof,Omegna,47.3781008,8.5393635,45.879774,8.408022,230,254.8,none,2026-10-06,OSRM router.project-osrm.org,ODbL (OpenStreetMap)
car,zuerich,nonio,Zürich Hauptbahnhof,Nonio,47.3781008,8.5393635,45.845773,8.377522,235,259.8,none,2026-10-06,OSRM router.project-osrm.org,ODbL (OpenStreetMap)
car,zuerich,quarna-sopra,Zürich Hauptbahnhof,Quarna Sopra,47.3781008,8.5393635,45.8721773,8.3736717,243,263.5,none,2026-10-06,OSRM router.project-osrm.org,ODbL (OpenStreetMap)
car,zuerich,gozzano,Zürich Hauptbahnhof,Gozzano,47.3781008,8.5393635,45.7464568,8.4360668,223,290.7,none,2026-10-06,OSRM router.project-osrm.org,ODbL (OpenStreetMap)
car,zuerich,bolzano-novarese,Zürich Hauptbahnhof,Bolzano Novarese,47.3781008,8.5393635,45.7627855,8.4451747,226,293.8,none,2026-10-06,OSRM router.project-osrm.org,ODbL (OpenStreetMap)
car,basel,orta-san-giulio,Basel SBB,"Lago d'Orta: Orta San Giulio, Piazza Motta",47.5476225,7.5896417,45.7980134,8.4058762,265,355.8,none,2026-10-06,OSRM router.project-osrm.org,ODbL (OpenStreetMap)
car,basel,legro,Basel SBB,Legro (Orta San Giulio),47.5476225,7.5896417,45.7955642,8.4216604,263,355.3,none,2026-10-06,OSRM router.project-osrm.org,ODbL (OpenStreetMap)
car,basel,pettenasco,Basel SBB,Pettenasco,47.5476225,7.5896417,45.8171622,8.4087011,264,357.4,none,2026-10-06,OSRM router.project-osrm.org,ODbL (OpenStreetMap)
car,basel,pella,Basel SBB,Pella,47.5476225,7.5896417,45.8016249,8.3847792,267,356.7,none,2026-10-06,OSRM router.project-osrm.org,ODbL (OpenStreetMap)
car,basel,ronco,Basel SBB,Ronco (Pella),47.5476225,7.5896417,45.8271148,8.3818783,271,359.5,none,2026-10-06,OSRM router.project-osrm.org,ODbL (OpenStreetMap)
car,basel,san-maurizio-dopaglio,Basel SBB,San Maurizio d'Opaglio,47.5476225,7.5896417,45.7734531,8.3903949,262,353.1,none,2026-10-06,OSRM router.project-osrm.org,ODbL (OpenStreetMap)
car,basel,madonna-del-sasso,Basel SBB,"Madonna del Sasso (Boleto, municipio)",47.5476225,7.5896417,45.7924094,8.3683708,271,359.6,none,2026-10-06,OSRM router.project-osrm.org,ODbL (OpenStreetMap)
car,basel,ameno,Basel SBB,Ameno,47.5476225,7.5896417,45.7886563,8.4413106,264,354.0,none,2026-10-06,OSRM router.project-osrm.org,ODbL (OpenStreetMap)
car,basel,vacciago,Basel SBB,Vacciago (Ameno),47.5476225,7.5896417,45.7864497,8.429395,262,353.2,none,2026-10-06,OSRM router.project-osrm.org,ODbL (OpenStreetMap)
car,basel,miasino,Basel SBB,Miasino,47.5476225,7.5896417,45.801972,8.429724,265,355.4,none,2026-10-06,OSRM router.project-osrm.org,ODbL (OpenStreetMap)
car,basel,armeno,Basel SBB,Armeno,47.5476225,7.5896417,45.8224566,8.4391986,267,359.2,none,2026-10-06,OSRM router.project-osrm.org,ODbL (OpenStreetMap)
car,basel,omegna,Basel SBB,Omegna,47.5476225,7.5896417,45.879774,8.408022,263,311.7,none,2026-10-06,OSRM router.project-osrm.org,ODbL (OpenStreetMap)
car,basel,nonio,Basel SBB,Nonio,47.5476225,7.5896417,45.845773,8.377522,268,316.8,none,2026-10-06,OSRM router.project-osrm.org,ODbL (OpenStreetMap)
car,basel,quarna-sopra,Basel SBB,Quarna Sopra,47.5476225,7.5896417,45.8721773,8.3736717,276,320.5,none,2026-10-06,OSRM router.project-osrm.org,ODbL (OpenStreetMap)
car,basel,gozzano,Basel SBB,Gozzano,47.5476225,7.5896417,45.7464568,8.4360668,256,347.7,none,2026-10-06,OSRM router.project-osrm.org,ODbL (OpenStreetMap)
car,basel,bolzano-novarese,Basel SBB,Bolzano Novarese,47.5476225,7.5896417,45.7627855,8.4451747,259,350.8,none,2026-10-06,OSRM router.project-osrm.org,ODbL (OpenStreetMap)
car,bern,orta-san-giulio,Bern Bahnhof,"Lago d'Orta: Orta San Giulio, Piazza Motta",46.9473048,7.4394882,45.7980134,8.4058762,260,319.6,none,2026-10-06,OSRM router.project-osrm.org,ODbL (OpenStreetMap)
car,bern,legro,Bern Bahnhof,Legro (Orta San Giulio),46.9473048,7.4394882,45.7955642,8.4216604,258,319.1,none,2026-10-06,OSRM router.project-osrm.org,ODbL (OpenStreetMap)
car,bern,pettenasco,Bern Bahnhof,Pettenasco,46.9473048,7.4394882,45.8171622,8.4087011,255,315.8,none,2026-10-06,OSRM router.project-osrm.org,ODbL (OpenStreetMap)
car,bern,pella,Bern Bahnhof,Pella,46.9473048,7.4394882,45.8016249,8.3847792,261,322.5,none,2026-10-06,OSRM router.project-osrm.org,ODbL (OpenStreetMap)
car,bern,ronco,Bern Bahnhof,Ronco (Pella),46.9473048,7.4394882,45.8271148,8.3818783,265,325.3,none,2026-10-06,OSRM router.project-osrm.org,ODbL (OpenStreetMap)
car,bern,san-maurizio-dopaglio,Bern Bahnhof,San Maurizio d'Opaglio,46.9473048,7.4394882,45.7734531,8.3903949,260,323.0,none,2026-10-06,OSRM router.project-osrm.org,ODbL (OpenStreetMap)
car,bern,madonna-del-sasso,Bern Bahnhof,"Madonna del Sasso (Boleto, municipio)",46.9473048,7.4394882,45.7924094,8.3683708,264,324.5,none,2026-10-06,OSRM router.project-osrm.org,ODbL (OpenStreetMap)
car,bern,ameno,Bern Bahnhof,Ameno,46.9473048,7.4394882,45.7886563,8.4413106,262,321.0,none,2026-10-06,OSRM router.project-osrm.org,ODbL (OpenStreetMap)
car,bern,vacciago,Bern Bahnhof,Vacciago (Ameno),46.9473048,7.4394882,45.7864497,8.429395,261,320.6,none,2026-10-06,OSRM router.project-osrm.org,ODbL (OpenStreetMap)
car,bern,miasino,Bern Bahnhof,Miasino,46.9473048,7.4394882,45.801972,8.429724,259,318.8,none,2026-10-06,OSRM router.project-osrm.org,ODbL (OpenStreetMap)
car,bern,armeno,Bern Bahnhof,Armeno,46.9473048,7.4394882,45.8224566,8.4391986,255,316.0,none,2026-10-06,OSRM router.project-osrm.org,ODbL (OpenStreetMap)
car,bern,omegna,Bern Bahnhof,Omegna,46.9473048,7.4394882,45.879774,8.408022,244,307.9,none,2026-10-06,OSRM router.project-osrm.org,ODbL (OpenStreetMap)
car,bern,nonio,Bern Bahnhof,Nonio,46.9473048,7.4394882,45.845773,8.377522,249,313.0,none,2026-10-06,OSRM router.project-osrm.org,ODbL (OpenStreetMap)
car,bern,quarna-sopra,Bern Bahnhof,Quarna Sopra,46.9473048,7.4394882,45.8721773,8.3736717,257,316.7,none,2026-10-06,OSRM router.project-osrm.org,ODbL (OpenStreetMap)
car,bern,gozzano,Bern Bahnhof,Gozzano,46.9473048,7.4394882,45.7464568,8.4360668,260,333.1,none,2026-10-06,OSRM router.project-osrm.org,ODbL (OpenStreetMap)
car,bern,bolzano-novarese,Bern Bahnhof,Bolzano Novarese,46.9473048,7.4394882,45.7627855,8.4451747,259,331.8,none,2026-10-06,OSRM router.project-osrm.org,ODbL (OpenStreetMap)
car,geneve,orta-san-giulio,Genève Cornavin,"Lago d'Orta: Orta San Giulio, Piazza Motta",46.2102288,6.1426218,45.7980134,8.4058762,235,303.8,none,2026-10-06,OSRM router.project-osrm.org,ODbL (OpenStreetMap)
car,geneve,legro,Genève Cornavin,Legro (Orta San Giulio),46.2102288,6.1426218,45.7955642,8.4216604,233,303.2,none,2026-10-06,OSRM router.project-osrm.org,ODbL (OpenStreetMap)
car,geneve,pettenasco,Genève Cornavin,Pettenasco,46.2102288,6.1426218,45.8171622,8.4087011,234,305.3,none,2026-10-06,OSRM router.project-osrm.org,ODbL (OpenStreetMap)
car,geneve,pella,Genève Cornavin,Pella,46.2102288,6.1426218,45.8016249,8.3847792,237,304.6,none,2026-10-06,OSRM router.project-osrm.org,ODbL (OpenStreetMap)
car,geneve,ronco,Genève Cornavin,Ronco (Pella),46.2102288,6.1426218,45.8271148,8.3818783,241,307.4,none,2026-10-06,OSRM router.project-osrm.org,ODbL (OpenStreetMap)
car,geneve,san-maurizio-dopaglio,Genève Cornavin,San Maurizio d'Opaglio,46.2102288,6.1426218,45.7734531,8.3903949,231,301.0,none,2026-10-06,OSRM router.project-osrm.org,ODbL (OpenStreetMap)
car,geneve,madonna-del-sasso,Genève Cornavin,"Madonna del Sasso (Boleto, municipio)",46.2102288,6.1426218,45.7924094,8.3683708,241,307.5,none,2026-10-06,OSRM router.project-osrm.org,ODbL (OpenStreetMap)
car,geneve,ameno,Genève Cornavin,Ameno,46.2102288,6.1426218,45.7886563,8.4413106,234,301.9,none,2026-10-06,OSRM router.project-osrm.org,ODbL (OpenStreetMap)
car,geneve,vacciago,Genève Cornavin,Vacciago (Ameno),46.2102288,6.1426218,45.7864497,8.429395,232,301.1,none,2026-10-06,OSRM router.project-osrm.org,ODbL (OpenStreetMap)
car,geneve,miasino,Genève Cornavin,Miasino,46.2102288,6.1426218,45.801972,8.429724,235,303.3,none,2026-10-06,OSRM router.project-osrm.org,ODbL (OpenStreetMap)
car,geneve,armeno,Genève Cornavin,Armeno,46.2102288,6.1426218,45.8224566,8.4391986,237,307.1,none,2026-10-06,OSRM router.project-osrm.org,ODbL (OpenStreetMap)
car,geneve,omegna,Genève Cornavin,Omegna,46.2102288,6.1426218,45.879774,8.408022,246,330.4,none,2026-10-06,OSRM router.project-osrm.org,ODbL (OpenStreetMap)
car,geneve,nonio,Genève Cornavin,Nonio,46.2102288,6.1426218,45.845773,8.377522,242,311.0,none,2026-10-06,OSRM router.project-osrm.org,ODbL (OpenStreetMap)
car,geneve,quarna-sopra,Genève Cornavin,Quarna Sopra,46.2102288,6.1426218,45.8721773,8.3736717,259,322.0,none,2026-10-06,OSRM router.project-osrm.org,ODbL (OpenStreetMap)
car,geneve,gozzano,Genève Cornavin,Gozzano,46.2102288,6.1426218,45.7464568,8.4360668,226,295.7,none,2026-10-06,OSRM router.project-osrm.org,ODbL (OpenStreetMap)
car,geneve,bolzano-novarese,Genève Cornavin,Bolzano Novarese,46.2102288,6.1426218,45.7627855,8.4451747,228,298.7,none,2026-10-06,OSRM router.project-osrm.org,ODbL (OpenStreetMap)
car,muenchen,orta-san-giulio,"München, Marienplatz","Lago d'Orta: Orta San Giulio, Piazza Motta",48.1371436,11.5753989,45.7980134,8.4058762,366,510.4,none,2026-10-06,OSRM router.project-osrm.org,ODbL (OpenStreetMap)
car,muenchen,legro,"München, Marienplatz",Legro (Orta San Giulio),48.1371436,11.5753989,45.7955642,8.4216604,364,509.8,none,2026-10-06,OSRM router.project-osrm.org,ODbL (OpenStreetMap)
car,muenchen,pettenasco,"München, Marienplatz",Pettenasco,48.1371436,11.5753989,45.8171622,8.4087011,365,511.9,none,2026-10-06,OSRM router.project-osrm.org,ODbL (OpenStreetMap)
car,muenchen,pella,"München, Marienplatz",Pella,48.1371436,11.5753989,45.8016249,8.3847792,368,511.2,none,2026-10-06,OSRM router.project-osrm.org,ODbL (OpenStreetMap)
car,muenchen,ronco,"München, Marienplatz",Ronco (Pella),48.1371436,11.5753989,45.8271148,8.3818783,372,514.1,none,2026-10-06,OSRM router.project-osrm.org,ODbL (OpenStreetMap)
car,muenchen,san-maurizio-dopaglio,"München, Marienplatz",San Maurizio d'Opaglio,48.1371436,11.5753989,45.7734531,8.3903949,363,507.6,none,2026-10-06,OSRM router.project-osrm.org,ODbL (OpenStreetMap)
car,muenchen,madonna-del-sasso,"München, Marienplatz","Madonna del Sasso (Boleto, municipio)",48.1371436,11.5753989,45.7924094,8.3683708,372,514.1,none,2026-10-06,OSRM router.project-osrm.org,ODbL (OpenStreetMap)
car,muenchen,ameno,"München, Marienplatz",Ameno,48.1371436,11.5753989,45.7886563,8.4413106,365,508.6,none,2026-10-06,OSRM router.project-osrm.org,ODbL (OpenStreetMap)
car,muenchen,vacciago,"München, Marienplatz",Vacciago (Ameno),48.1371436,11.5753989,45.7864497,8.429395,363,507.7,none,2026-10-06,OSRM router.project-osrm.org,ODbL (OpenStreetMap)
car,muenchen,miasino,"München, Marienplatz",Miasino,48.1371436,11.5753989,45.801972,8.429724,366,509.9,none,2026-10-06,OSRM router.project-osrm.org,ODbL (OpenStreetMap)
car,muenchen,armeno,"München, Marienplatz",Armeno,48.1371436,11.5753989,45.8224566,8.4391986,368,513.7,none,2026-10-06,OSRM router.project-osrm.org,ODbL (OpenStreetMap)
car,muenchen,omegna,"München, Marienplatz",Omegna,48.1371436,11.5753989,45.879774,8.408022,364,466.3,none,2026-10-06,OSRM router.project-osrm.org,ODbL (OpenStreetMap)
car,muenchen,nonio,"München, Marienplatz",Nonio,48.1371436,11.5753989,45.845773,8.377522,369,471.4,none,2026-10-06,OSRM router.project-osrm.org,ODbL (OpenStreetMap)
car,muenchen,quarna-sopra,"München, Marienplatz",Quarna Sopra,48.1371436,11.5753989,45.8721773,8.3736717,377,475.1,none,2026-10-06,OSRM router.project-osrm.org,ODbL (OpenStreetMap)
car,muenchen,gozzano,"München, Marienplatz",Gozzano,48.1371436,11.5753989,45.7464568,8.4360668,357,502.3,none,2026-10-06,OSRM router.project-osrm.org,ODbL (OpenStreetMap)
car,muenchen,bolzano-novarese,"München, Marienplatz",Bolzano Novarese,48.1371436,11.5753989,45.7627855,8.4451747,360,505.4,none,2026-10-06,OSRM router.project-osrm.org,ODbL (OpenStreetMap)
car,milano-duomo,stresa,"Milano, Piazza del Duomo","Lago Maggiore: Stresa, Piazza Marconi",45.4639102,9.1906398,45.8842197,8.5407711,73,91.7,none,2026-10-06,OSRM router.project-osrm.org,ODbL (OpenStreetMap)
car,milano-duomo,como,"Milano, Piazza del Duomo","Lago di Como: Como, Piazza del Duomo",45.4639102,9.1906398,45.8116464,9.0829242,51,52.3,none,2026-10-06,OSRM router.project-osrm.org,ODbL (OpenStreetMap)
car,milano-duomo,bellagio,"Milano, Piazza del Duomo",Lago di Como: Bellagio,45.4639102,9.1906398,45.9872549,9.2613001,82,72.3,none,2026-10-06,OSRM router.project-osrm.org,ODbL (OpenStreetMap)
car,milano-duomo,sirmione,"Milano, Piazza del Duomo","Lago di Garda: Sirmione, Piazza Carducci",45.4639102,9.1906398,45.4922496,10.6067172,101,130.2,none,2026-10-06,OSRM router.project-osrm.org,ODbL (OpenStreetMap)
car,milano-duomo,orta-san-giulio,"Milano, Piazza del Duomo","Lago d'Orta: Orta San Giulio, Piazza Motta",45.4639102,9.1906398,45.7980134,8.4058762,75,87.1,none,2026-10-06,OSRM router.project-osrm.org,ODbL (OpenStreetMap)
car,malpensa-t1,stresa,"Aeroporto di Malpensa, Terminal 1","Lago Maggiore: Stresa, Piazza Marconi",45.6271525,8.7112533,45.8842197,8.5407711,52,51.6,none,2026-10-06,OSRM router.project-osrm.org,ODbL (OpenStreetMap)
car,malpensa-t1,como,"Aeroporto di Malpensa, Terminal 1","Lago di Como: Como, Piazza del Duomo",45.6271525,8.7112533,45.8116464,9.0829242,51,51.1,none,2026-10-06,OSRM router.project-osrm.org,ODbL (OpenStreetMap)
car,malpensa-t1,bellagio,"Aeroporto di Malpensa, Terminal 1",Lago di Como: Bellagio,45.6271525,8.7112533,45.9872549,9.2613001,87,81.8,none,2026-10-06,OSRM router.project-osrm.org,ODbL (OpenStreetMap)
car,malpensa-t1,sirmione,"Aeroporto di Malpensa, Terminal 1","Lago di Garda: Sirmione, Piazza Carducci",45.6271525,8.7112533,45.4922496,10.6067172,123,175.2,none,2026-10-06,OSRM router.project-osrm.org,ODbL (OpenStreetMap)
car,malpensa-t1,orta-san-giulio,"Aeroporto di Malpensa, Terminal 1","Lago d'Orta: Orta San Giulio, Piazza Motta",45.6271525,8.7112533,45.7980134,8.4058762,54,47.1,none,2026-10-06,OSRM router.project-osrm.org,ODbL (OpenStreetMap)
